Origin,Destination,Carrier,WeatherCondition,DistanceKM,ExpectedDeliveryDays,Holiday,CustomsClearanceTime,HandlingTimeWarehouse,Delay
Delhi,Ahmedabad,FedEx,Rainy,894,8,0,0.5107852480292434,1.9536824681098364,0
Bengaluru,Ahmedabad,FedEx,Storm,1582,6,0,1.6862735950553713,0.8045162460419043,1
Delhi,Lucknow,FedEx,Storm,834,8,1,0.9498877818897637,1.1537110953300862,1
Chennai,Lucknow,BlueDart,Fog,1663,4,1,2.7016895422817337,0.7735993394467499,1
Delhi,Lucknow,DTDC,Fog,1371,8,1,1.7401793122992126,0.18322715499573466,1
Delhi,Jaipur,BlueDart,Storm,1381,9,1,3.392782117032893,0.7190681804624887,1
Kolkata,Hyderabad,BlueDart,Rainy,1601,3,0,1.7698262565455811,0.5311277631966798,1
Delhi,Jaipur,FedEx,Fog,902,3,1,2.5108748366074223,0.693496618625878,1
Bengaluru,Lucknow,DTDC,Fog,1691,5,1,2.452235163117419,0.3655297188576886,1
Mumbai,Lucknow,BlueDart,Fog,64,8,1,2.394007826753706,1.4398142193900367,1
Mumbai,Ahmedabad,DTDC,Rainy,1035,6,0,0.5779492426687123,1.369965627401896,0
Delhi,Ahmedabad,DTDC,Fog,1152,2,1,2.2945704560019498,1.1518008612501922,1
Delhi,Jaipur,FedEx,Cloudy,1225,2,0,0.9081294203044463,0.8762044230768087,0
Chennai,Lucknow,UPS,Sunny,506,8,0,1.1285668436725886,0.6578281397566988,0
Chennai,Ahmedabad,BlueDart,Rainy,1034,8,1,1.5410766427522327,1.646638730865466,1
Bengaluru,Hyderabad,BlueDart,Cloudy,94,2,0,2.583785856968286,0.977566737477636,0
Bengaluru,Pune,UPS,Rainy,1879,3,0,1.6723157093943013,0.8239403295833166,1
Bengaluru,Hyderabad,Delhivery,Storm,1279,6,0,0.4892447337431333,0.3242112140289791,1
Mumbai,Lucknow,Delhivery,Fog,1015,7,0,3.398282045247489,1.5796267175350098,1
Mumbai,Hyderabad,FedEx,Storm,926,7,0,0.5180901751065476,1.814944553433299,1
Delhi,Jaipur,FedEx,Cloudy,1457,4,1,0.7833501836994645,1.7275671397755135,1
Chennai,Pune,FedEx,Rainy,1452,7,0,2.2701191743180624,1.2097861409341977,1
Delhi,Ahmedabad,FedEx,Sunny,1527,5,1,1.8301697035069124,0.726736303432292,1
Delhi,Ahmedabad,BlueDart,Storm,251,3,1,0.7629567961717241,1.8577282249159146,1
Kolkata,Jaipur,DTDC,Cloudy,1244,6,0,3.3632454036967694,1.0163765301915104,1
Delhi,Jaipur,FedEx,Sunny,211,4,0,1.819333081369919,1.8818702644524674,1
Delhi,Jaipur,DTDC,Rainy,1624,4,1,1.9182189281560746,0.9339317745795886,1
Mumbai,Hyderabad,BlueDart,Cloudy,1661,2,1,0.6628219936954156,1.152668672724194,1
Mumbai,Pune,FedEx,Storm,281,4,0,2.5990822271467127,1.5604302346435484,1
Bengaluru,Hyderabad,BlueDart,Storm,1836,9,0,0.32346143538139327,1.1542196918438183,1
Chennai,Hyderabad,Delhivery,Fog,947,8,1,3.3445680037301586,0.6527438924662253,1
Mumbai,Ahmedabad,DTDC,Fog,549,9,1,0.7432057980206599,0.18533017684542508,1
Mumbai,Jaipur,UPS,Fog,345,9,0,3.139615219899132,1.7975486154259401,1
Bengaluru,Pune,DTDC,Rainy,666,2,1,2.383482168453612,0.809949684860049,1
Kolkata,Pune,FedEx,Storm,790,4,0,0.9952028975187597,0.33324007158182345,1
Kolkata,Pune,UPS,Fog,348,7,0,2.1779632120187835,1.7616678775911825,1
Delhi,Pune,Delhivery,Cloudy,1996,8,0,1.8524459144677294,0.3734052548473765,1
Kolkata,Lucknow,BlueDart,Sunny,497,4,0,2.4362736229224295,0.33148175879420916,0
Mumbai,Jaipur,UPS,Storm,1544,6,0,2.853610936401467,1.4592735462700233,1
Delhi,Pune,FedEx,Fog,305,5,0,3.2609564183214754,0.8553985682673871,1
Kolkata,Hyderabad,BlueDart,Rainy,1041,7,0,1.1452725487107815,1.8571360156928516,1
Kolkata,Jaipur,BlueDart,Rainy,1132,3,1,0.5494614323774858,0.36664523442143404,0
Bengaluru,Jaipur,BlueDart,Fog,373,6,0,2.8543910215228037,0.9880250429550538,1
Kolkata,Ahmedabad,FedEx,Fog,84,7,0,2.93711442911303,1.6139524678178072,1
Chennai,Hyderabad,Delhivery,Rainy,1542,6,1,2.1902536192177946,0.8838859816199925,1
Kolkata,Pune,Delhivery,Fog,880,2,1,3.062719084782672,0.9624040759449695,1
Chennai,Hyderabad,Delhivery,Cloudy,1989,7,1,0.5474176635186123,0.2264618282148385,1
Kolkata,Jaipur,DTDC,Cloudy,335,3,1,1.2241044239494456,0.37335667264517103,0
Kolkata,Lucknow,DTDC,Sunny,353,4,1,0.5811172100956714,0.14018123103923608,0
Delhi,Ahmedabad,BlueDart,Sunny,390,8,0,2.150774593166205,1.3933576009190622,1
Kolkata,Hyderabad,UPS,Cloudy,1969,6,1,3.00873436851328,0.1826026178243047,1
Kolkata,Jaipur,BlueDart,Fog,511,3,0,2.0850677507511497,0.8908986088360653,1
Mumbai,Pune,BlueDart,Cloudy,1855,6,1,2.950413227502247,0.1987275462836981,1
Delhi,Jaipur,UPS,Storm,243,8,1,3.1787553749611366,1.961184293114526,1
Mumbai,Lucknow,DTDC,Storm,1274,7,1,0.6440222877633853,1.1185292683005108,1
Bengaluru,Hyderabad,DTDC,Fog,1722,8,0,1.4707953371311664,1.3151702153505092,1
Mumbai,Hyderabad,BlueDart,Sunny,895,5,0,0.9674808037452831,0.7982724392187431,0
Chennai,Jaipur,Delhivery,Storm,688,5,0,2.46295304000462,0.664065301685442,1
Bengaluru,Lucknow,FedEx,Fog,1715,5,1,1.9669348064390102,1.7122649286698868,1
Mumbai,Jaipur,FedEx,Cloudy,1618,6,1,2.2886281765831487,0.6474956669466773,1
Delhi,Ahmedabad,BlueDart,Cloudy,1215,7,1,0.6359393630950949,1.2673215070296477,1
Kolkata,Ahmedabad,BlueDart,Storm,1465,6,0,3.288601414912066,0.36107506707182413,1
Kolkata,Lucknow,BlueDart,Fog,843,6,0,2.8238789686441836,1.8974514193529275,1
Bengaluru,Pune,Delhivery,Storm,1200,2,0,2.2333468100796003,0.4254534777762987,1
Delhi,Jaipur,BlueDart,Rainy,978,5,1,2.72094718702174,1.6185649613729267,1
Chennai,Jaipur,DTDC,Cloudy,1219,3,1,0.5951208420537053,0.3224967752102099,0
Bengaluru,Pune,DTDC,Storm,1471,5,1,2.415063663918356,0.7339117408236525,1
Bengaluru,Ahmedabad,UPS,Fog,1536,7,0,1.4018336586477782,0.6974359623880995,1
Mumbai,Pune,UPS,Sunny,218,9,1,1.4649554151654522,1.486402846487018,0
Chennai,Pune,DTDC,Fog,1875,4,1,1.781919561610983,0.8150829996135698,1
Bengaluru,Lucknow,BlueDart,Storm,1700,9,0,3.0067611413295827,1.3104403795832944,1
Delhi,Pune,BlueDart,Rainy,1197,2,1,0.24059886343238937,0.9632041274993184,0
Bengaluru,Lucknow,DTDC,Cloudy,1938,5,0,1.1963603917602221,1.845039601479553,1
Chennai,Ahmedabad,FedEx,Rainy,265,5,1,3.101360080215559,0.639426031941674,1
Bengaluru,Lucknow,BlueDart,Sunny,1348,9,0,2.34541255134403,0.27183738126985224,1
Bengaluru,Ahmedabad,UPS,Fog,106,3,0,0.6719721880498954,1.5758590873152152,1
Kolkata,Pune,BlueDart,Fog,613,7,1,0.21791845262471154,0.19815004232735794,1
Delhi,Lucknow,FedEx,Fog,1612,9,0,3.0030491816461407,0.20874068629119474,1
Bengaluru,Lucknow,UPS,Fog,284,8,1,2.965334721562764,0.17628746913942622,1
Bengaluru,Jaipur,Delhivery,Sunny,293,7,1,2.659120823485187,1.2970225046951576,1
Delhi,Lucknow,DTDC,Sunny,1635,7,0,1.0935038793487408,1.4488189248344774,1
Delhi,Jaipur,UPS,Storm,1242,6,0,2.2338196007608584,0.18046604800231747,1
Mumbai,Lucknow,DTDC,Storm,852,3,0,0.8056596553050526,1.9620516411529658,1
Delhi,Jaipur,DTDC,Rainy,1578,4,1,2.0889633948635034,0.37574748386359447,1
Mumbai,Lucknow,DTDC,Cloudy,865,6,1,2.3424694123095193,1.887129378421485,1
Bengaluru,Pune,BlueDart,Rainy,1041,7,0,1.7647568072926396,0.32651329977571475,0
Kolkata,Pune,UPS,Cloudy,232,4,1,2.216258905220873,1.3057953230946997,1
Chennai,Lucknow,DTDC,Sunny,847,8,0,2.141410619749727,0.702377731502752,1
Kolkata,Pune,Delhivery,Rainy,980,5,0,2.0891111793029817,1.1749666108206498,1
Mumbai,Jaipur,FedEx,Rainy,1313,6,1,1.2435067010193421,1.5961212217733123,1
Mumbai,Jaipur,BlueDart,Rainy,1082,7,1,1.892039507202302,1.4997408081162187,1
Mumbai,Jaipur,UPS,Sunny,1846,8,1,1.9169078786438778,1.6197537804512894,1
Mumbai,Hyderabad,DTDC,Fog,798,5,0,0.4377951853407142,1.6997871009749799,1
Delhi,Lucknow,BlueDart,Sunny,597,6,0,0.7708816691322595,0.6963974026237795,0
Delhi,Ahmedabad,UPS,Sunny,901,8,1,1.4284631915321089,0.39186450821520613,0
Kolkata,Hyderabad,FedEx,Storm,283,6,0,3.3628162969732087,1.9913824979089105,1
Chennai,Ahmedabad,DTDC,Cloudy,1552,7,0,1.4798775940400442,1.3176884057137028,1
Bengaluru,Hyderabad,BlueDart,Storm,457,8,1,0.7403793040523763,0.41522304896541395,1
Chennai,Lucknow,UPS,Fog,1918,6,0,3.4680614922766995,0.36903218828067197,1
Kolkata,Jaipur,DTDC,Fog,815,4,0,2.6925895702226565,0.9241801519129266,1
Chennai,Jaipur,UPS,Sunny,647,3,0,0.3473419936151203,0.5424193413930418,0
Kolkata,Pune,Delhivery,Sunny,1005,9,1,1.8278569203071997,0.25981913565807585,1
Mumbai,Hyderabad,UPS,Fog,1715,7,1,2.4116707426594712,1.5495157361751053,1
Bengaluru,Ahmedabad,BlueDart,Storm,764,7,1,1.316906394881176,1.7045098592456545,1
Mumbai,Jaipur,DTDC,Storm,1393,8,0,3.2015224047754547,1.215535487020263,1
Chennai,Pune,UPS,Cloudy,714,6,0,1.9536564353151062,0.29946146020253406,0
Delhi,Hyderabad,UPS,Fog,1276,7,0,1.3182235975116963,0.46404571835912967,1
Delhi,Hyderabad,BlueDart,Storm,1858,7,0,1.2148657389885942,1.2371066639596995,1
Chennai,Pune,DTDC,Cloudy,382,7,1,3.439959626890367,1.2786796483502838,1
Bengaluru,Lucknow,DTDC,Fog,1534,7,1,2.57829662417056,1.9301013247438212,1
Bengaluru,Ahmedabad,DTDC,Fog,194,2,1,1.6522927084403163,1.1508972245814229,1
Bengaluru,Lucknow,FedEx,Rainy,1941,2,1,1.1511532101100874,1.4941316451320408,1
Kolkata,Ahmedabad,FedEx,Cloudy,59,2,0,2.7652323208462892,1.0304295094521212,1
Delhi,Lucknow,UPS,Fog,956,4,1,1.5582008072403974,1.607996086063948,1
Bengaluru,Pune,Delhivery,Rainy,1103,8,0,2.9145241990375244,0.17024438168223105,1
Kolkata,Pune,Delhivery,Fog,144,4,0,2.4285085746026978,1.4551905729922265,1
Bengaluru,Ahmedabad,BlueDart,Fog,1492,7,0,0.3615802424168215,0.5456167858384673,1
Kolkata,Pune,FedEx,Cloudy,1723,5,0,1.8982768289839542,1.3868460587923548,1
Chennai,Pune,FedEx,Rainy,1414,9,1,0.984272599089971,1.720284146300634,1
Bengaluru,Jaipur,Delhivery,Storm,1714,9,0,2.1480568279143917,0.8541861287208847,1
Delhi,Hyderabad,DTDC,Fog,1739,3,1,1.328358897200679,1.4635143805189783,1
Delhi,Jaipur,UPS,Rainy,1997,7,0,1.546208438733231,0.35996042825628993,1
Delhi,Jaipur,BlueDart,Fog,1718,7,1,1.49481800664192,1.839067644542554,1
Chennai,Hyderabad,DTDC,Cloudy,312,2,0,0.4216500071976308,0.4837601716086849,0
Chennai,Pune,Delhivery,Rainy,1928,7,1,1.5872598459674143,1.9224976184046942,1
Mumbai,Lucknow,FedEx,Rainy,1104,9,0,3.160089435950884,0.546684522073253,1
Chennai,Hyderabad,UPS,Fog,646,6,1,2.149457820740428,1.3415344971180407,1
Bengaluru,Pune,Delhivery,Fog,520,4,0,0.7129571614752941,1.761197294052534,1
Delhi,Hyderabad,BlueDart,Rainy,538,8,1,1.6466746533278365,1.0048888863147787,1
Bengaluru,Lucknow,UPS,Rainy,1365,4,1,3.178428098423465,1.5964206888357444,1
Chennai,Pune,BlueDart,Rainy,672,2,0,3.3526531130197763,1.0741909221702115,1
Bengaluru,Lucknow,DTDC,Sunny,119,9,1,0.5399088576295239,0.1780502772792092,0
Delhi,Hyderabad,DTDC,Sunny,1969,5,0,1.2314808317943269,0.1968249168922835,1
Chennai,Lucknow,BlueDart,Storm,799,8,0,2.504026094512714,0.49333902889714276,1
Kolkata,Hyderabad,DTDC,Cloudy,499,5,0,0.5698322242957019,1.7392526711076683,0
Delhi,Pune,BlueDart,Sunny,1040,4,0,1.2992107313351047,0.9195213382782542,0
Chennai,Ahmedabad,DTDC,Fog,1082,4,0,1.000193414993498,1.0117404610470238,1
Mumbai,Lucknow,FedEx,Cloudy,495,7,0,3.2702692380441967,0.19228165070922035,1
Chennai,Jaipur,UPS,Storm,423,3,1,0.6560777264071515,1.8457640677082974,1
Delhi,Pune,BlueDart,Fog,417,8,0,0.5650772429552708,1.2782836445937629,1
Chennai,Hyderabad,BlueDart,Rainy,499,6,1,0.21564659660918395,1.7214019727504968,0
Kolkata,Jaipur,FedEx,Rainy,367,9,1,3.023122087908933,0.5831006191328989,1
Mumbai,Lucknow,DTDC,Rainy,1938,6,1,1.3930690595093578,1.6450027570582144,1
Kolkata,Pune,Delhivery,Rainy,1608,2,1,0.9139737942438246,0.886649578199549,1
Bengaluru,Hyderabad,UPS,Sunny,1730,2,1,0.2628126877977057,0.41442673940537256,0
Mumbai,Ahmedabad,FedEx,Fog,1430,4,1,1.2466054647289297,1.7910369685236214,1
Delhi,Jaipur,Delhivery,Sunny,1564,3,1,0.7707149902588575,1.0638561330058822,1
Bengaluru,Pune,UPS,Cloudy,57,9,0,3.4771791203706717,1.2108137848549145,1
Mumbai,Pune,DTDC,Fog,227,9,0,2.2519136985404966,0.619055663851665,1
Chennai,Ahmedabad,BlueDart,Rainy,1209,3,0,2.3899494539791615,1.6888658360009423,1
Delhi,Pune,BlueDart,Rainy,354,3,1,1.037092871654034,1.2604632531472948,0
Kolkata,Pune,DTDC,Rainy,822,8,1,2.595039794560932,1.177181811106835,1
Mumbai,Ahmedabad,FedEx,Fog,342,5,1,0.24115059720600368,1.612454256989719,1
Chennai,Hyderabad,DTDC,Rainy,845,9,0,3.135866191528811,0.8505137560770571,1
Delhi,Ahmedabad,DTDC,Sunny,751,9,0,0.8584885765683181,1.732067435059656,0
Delhi,Lucknow,UPS,Cloudy,463,4,0,2.6205331850573383,1.7688948942405232,1
Bengaluru,Hyderabad,DTDC,Rainy,223,7,1,2.7837684290860802,1.1828742554189002,1
Bengaluru,Jaipur,BlueDart,Storm,1812,7,1,2.833721538200499,0.28973870660538603,1
Delhi,Hyderabad,DTDC,Storm,938,2,0,1.4445774451737463,1.466693814012565,1
Kolkata,Lucknow,UPS,Storm,819,7,0,2.208845725364214,1.2038798101212964,1
Mumbai,Jaipur,BlueDart,Storm,1172,9,1,0.8492491964770834,0.8166913674777073,1
Chennai,Hyderabad,Delhivery,Storm,305,4,0,2.459054842199135,0.745007732996915,1
Delhi,Lucknow,FedEx,Cloudy,436,2,0,3.107418971328971,0.6284153780558269,1
Bengaluru,Jaipur,Delhivery,Fog,412,5,1,1.745774916114344,0.592935695723615,1
Delhi,Pune,BlueDart,Rainy,225,9,0,1.8351716368744406,0.31031494065627063,0
Bengaluru,Hyderabad,Delhivery,Sunny,624,4,1,3.0931456309732437,1.813119521776233,1
Delhi,Lucknow,FedEx,Fog,741,9,1,0.6547186685617571,0.6784864003044625,1
Delhi,Hyderabad,DTDC,Rainy,239,8,1,2.23529539095512,1.1304923643741895,1
Chennai,Pune,BlueDart,Cloudy,935,3,0,2.12795193820202,1.4967459122873035,1
Kolkata,Ahmedabad,Delhivery,Fog,773,8,0,2.708049406755315,1.5674706765816793,1
Delhi,Hyderabad,FedEx,Fog,846,2,0,0.5313056306443706,0.6026256411874911,1
Kolkata,Pune,UPS,Storm,400,7,0,1.6845356898156163,0.5659920487440984,1
Kolkata,Ahmedabad,BlueDart,Fog,1169,8,1,1.9518063011497875,0.5719721673447378,1
Mumbai,Hyderabad,Delhivery,Cloudy,364,2,1,3.1303631343984137,1.5769815553226152,1
Mumbai,Jaipur,Delhivery,Rainy,930,6,0,1.634058179502378,0.3503341824949282,0
Chennai,Hyderabad,BlueDart,Sunny,1906,2,0,3.3455782321871235,0.41079606764920895,1
Mumbai,Jaipur,UPS,Cloudy,370,4,1,0.5925459254426974,1.842011974495472,0
Delhi,Pune,Delhivery,Fog,1235,2,0,1.5214891093094183,1.1105835735575296,1
Bengaluru,Pune,UPS,Fog,327,8,1,1.746905680146043,0.39046653204003834,1
Bengaluru,Lucknow,UPS,Storm,715,6,0,1.3299321334750744,1.6094683579421802,1
Bengaluru,Ahmedabad,BlueDart,Storm,1292,8,1,3.2484849431074947,0.9321802455487078,1
Mumbai,Hyderabad,FedEx,Storm,54,6,1,1.1269580736817117,0.21791990242629494,1
Mumbai,Jaipur,FedEx,Sunny,896,3,1,1.4966603921817696,1.8515196552944906,1
Bengaluru,Ahmedabad,Delhivery,Rainy,1466,7,0,2.37783929372662,1.2394211777603819,1
Delhi,Jaipur,FedEx,Fog,1074,4,1,2.437710400903433,1.7074143664850268,1
Delhi,Jaipur,BlueDart,Fog,926,4,1,2.673741442445463,1.9844346613454937,1
Chennai,Jaipur,FedEx,Storm,385,4,0,1.4089071122365697,1.5031703541045944,1
Kolkata,Hyderabad,DTDC,Fog,1145,3,1,1.879482700779469,1.8234640211280662,1
Mumbai,Jaipur,BlueDart,Storm,835,4,1,1.6521653571707229,0.33903333479334197,1
Chennai,Lucknow,BlueDart,Cloudy,1351,3,1,2.3876020568933143,0.13755624615111417,1
Kolkata,Hyderabad,UPS,Sunny,366,8,1,1.0140452448462862,1.3689134018111742,0
Kolkata,Pune,BlueDart,Fog,586,8,0,1.1356185297774564,1.381999439963628,1
Kolkata,Lucknow,FedEx,Cloudy,1923,6,1,3.344644146002367,1.2591149174856304,1
Bengaluru,Ahmedabad,Delhivery,Cloudy,1269,2,0,3.4212236892826358,0.85938465681091,1
Chennai,Ahmedabad,DTDC,Sunny,1101,5,1,2.2137505666297113,0.943491484152355,1
Kolkata,Pune,UPS,Fog,1715,4,0,1.9970097267364204,1.0306660865756792,1
Chennai,Ahmedabad,UPS,Cloudy,1627,3,0,3.248785848345071,1.7023134829477602,1
Kolkata,Lucknow,UPS,Sunny,1502,9,1,2.7165473034767142,1.0131544987903824,1
Bengaluru,Jaipur,FedEx,Cloudy,1232,7,1,1.0507677520177696,1.213326610782504,1
Mumbai,Hyderabad,DTDC,Cloudy,476,7,1,3.0398807336714406,0.4186290873877838,1
Mumbai,Pune,BlueDart,Cloudy,936,8,0,0.6564859313829624,1.5712382122477973,0
Kolkata,Ahmedabad,BlueDart,Sunny,810,5,1,0.8355497166620023,0.3925308068974902,0
Delhi,Jaipur,DTDC,Storm,1761,9,0,0.4298141007516023,0.3621952829610201,1
Kolkata,Jaipur,FedEx,Cloudy,577,5,1,2.3893957488559865,0.3125051245232866,1
Bengaluru,Lucknow,DTDC,Sunny,353,5,1,1.8525282919649182,1.4037095396687858,1
Chennai,Ahmedabad,FedEx,Sunny,1984,2,1,1.904316028697615,0.2808782652256416,1
Bengaluru,Ahmedabad,BlueDart,Fog,674,4,0,1.6017638518910045,0.19769639365816577,1
Chennai,Hyderabad,FedEx,Storm,739,4,1,2.945996248430554,1.6603384945359063,1
Kolkata,Jaipur,Delhivery,Cloudy,508,7,1,1.8211495730915082,1.7967589371189758,1
Kolkata,Hyderabad,BlueDart,Rainy,1764,9,0,0.7066342227802258,1.1142960252205247,1
Mumbai,Pune,DTDC,Sunny,492,2,0,2.7562588082643584,0.16619286553183976,0
Chennai,Hyderabad,FedEx,Storm,1655,4,0,0.6846503249106339,1.7355218498790186,1
Mumbai,Lucknow,DTDC,Rainy,936,8,0,1.5017890091978894,1.5018153566021084,1
Delhi,Jaipur,Delhivery,Cloudy,1517,3,1,2.6758777602291692,0.9828913119289261,1
Mumbai,Hyderabad,DTDC,Cloudy,1269,3,1,0.5924041485120697,0.26336646521079576,0
Bengaluru,Hyderabad,BlueDart,Sunny,391,2,1,1.5150718574649007,1.9817380689849167,1
Kolkata,Pune,UPS,Storm,400,5,1,3.0877778568784717,1.9536317270739594,1
Mumbai,Lucknow,UPS,Rainy,424,6,0,2.365043801013709,0.6492588051125642,0
Mumbai,Ahmedabad,BlueDart,Rainy,1504,6,0,2.5447581467508367,0.15049775349485423,1
Kolkata,Jaipur,BlueDart,Fog,1223,4,0,1.0586093626318716,0.8954465658981231,1
Mumbai,Ahmedabad,BlueDart,Fog,729,6,0,1.093299312933853,1.0916450944615816,1
Mumbai,Pune,Delhivery,Rainy,1149,7,1,0.41806139603400294,0.10202818354321976,0
Delhi,Hyderabad,DTDC,Fog,1558,7,1,3.137871074017942,0.992916286545946,1
Delhi,Lucknow,DTDC,Fog,1874,5,0,0.9100883062747711,1.2129655177939727,1
Chennai,Pune,Delhivery,Storm,102,3,1,0.8830510268147711,0.9031946651169181,1
Delhi,Jaipur,BlueDart,Sunny,312,7,1,1.2573107718711158,0.7854415043846817,0
Mumbai,Pune,DTDC,Cloudy,717,4,1,0.8777879823189421,1.7878943608193971,1
Bengaluru,Pune,UPS,Storm,244,8,0,0.5805772457662604,1.2771815869895928,1
Chennai,Pune,BlueDart,Fog,1927,8,0,1.9359997387238688,1.9936867018863915,1
Kolkata,Jaipur,BlueDart,Cloudy,832,2,0,3.3305301457517156,1.1960358211454265,1
Kolkata,Lucknow,UPS,Sunny,1612,9,0,1.829117851693131,1.944680984236902,1
Chennai,Lucknow,Delhivery,Fog,825,8,1,0.6225736148076969,0.7100626901825242,1
Mumbai,Pune,UPS,Sunny,1607,8,0,1.3836202120421068,0.8764718169967544,1
Chennai,Jaipur,DTDC,Fog,1284,5,1,3.2781727448680424,0.8438347611082604,1
Bengaluru,Hyderabad,Delhivery,Rainy,1940,6,0,2.373886252395113,1.153358144421551,1
Chennai,Hyderabad,Delhivery,Fog,724,2,0,0.5123112352229826,0.415519001586549,1
Chennai,Ahmedabad,UPS,Cloudy,1733,3,1,2.69328049016231,0.5891024884562057,1
Chennai,Jaipur,UPS,Fog,1858,3,1,2.407527274672213,0.1998943816138052,1
Bengaluru,Lucknow,UPS,Cloudy,252,9,1,0.21524203618298113,0.17322979871452787,0
Chennai,Lucknow,FedEx,Fog,1147,2,0,2.6534178720338715,1.7190761404314452,1
Mumbai,Jaipur,Delhivery,Rainy,931,2,1,1.2913630202621478,1.7696508775868252,1
Bengaluru,Lucknow,Delhivery,Fog,1151,2,0,0.7299414315302317,1.5723250164245233,1
Delhi,Jaipur,Delhivery,Rainy,519,9,0,3.0236190016179316,0.4564576562535638,1
Kolkata,Lucknow,DTDC,Fog,1762,6,0,0.5336503475874304,1.6408295142558516,1
Chennai,Jaipur,Delhivery,Rainy,1294,9,1,1.6024319726981344,0.8029702989096758,1
Bengaluru,Pune,DTDC,Sunny,280,9,1,2.9644656320172356,0.6403545556894769,1
Bengaluru,Hyderabad,FedEx,Fog,178,2,1,1.7301298584489533,1.4112408621990735,1
Chennai,Jaipur,BlueDart,Storm,1353,2,0,2.2417587679598188,0.17618051875827426,1
Chennai,Jaipur,UPS,Rainy,1866,3,0,0.8219651999405946,0.7538680483203613,1
Delhi,Pune,BlueDart,Rainy,1897,3,0,2.8695996882722716,1.9513925339068086,1
Mumbai,Pune,DTDC,Storm,1981,8,1,1.6157862004794619,0.9190450795120827,1
Bengaluru,Hyderabad,BlueDart,Cloudy,1092,4,1,3.3637348357073824,0.17675853480011006,1
Mumbai,Ahmedabad,DTDC,Cloudy,1068,9,0,3.288384536636566,1.6912039131967762,1
Delhi,Lucknow,BlueDart,Cloudy,166,2,1,0.714000314216112,1.116306490654154,0
Delhi,Lucknow,UPS,Rainy,1430,5,1,0.40828666332277436,1.9406294105870379,1
Chennai,Hyderabad,Delhivery,Storm,419,6,0,3.3824315431418803,0.2791435016272133,1
Bengaluru,Lucknow,BlueDart,Storm,1104,8,0,2.979110363205677,1.8924264674279205,1
Kolkata,Ahmedabad,BlueDart,Fog,1601,4,1,1.99353546376354,1.8079509950089758,1
Mumbai,Lucknow,DTDC,Storm,1540,5,0,1.4749268088364997,0.787038156188059,1
Chennai,Pune,Delhivery,Sunny,225,7,0,2.7735704847786287,0.9475384965484296,1
Delhi,Lucknow,UPS,Storm,219,2,0,0.879205316942925,1.953898446340355,1
Delhi,Lucknow,Delhivery,Cloudy,1055,7,1,3.424736008717379,0.5490848272287346,1
Chennai,Pune,Delhivery,Sunny,1869,2,0,2.0762800585223267,1.8336527129617195,1
Delhi,Hyderabad,DTDC,Storm,1270,8,0,2.8419259482237056,1.2737989261606082,1
Bengaluru,Lucknow,FedEx,Fog,298,4,0,0.9455655611253821,0.9318989747840907,1
Delhi,Ahmedabad,UPS,Fog,787,4,1,1.9835730841634913,0.4473366638188554,1
Bengaluru,Hyderabad,BlueDart,Storm,389,7,0,0.9545304887849784,1.471622881074085,1
Chennai,Lucknow,BlueDart,Storm,1876,8,0,0.5541307973473174,1.0455306344942197,1
Chennai,Jaipur,BlueDart,Rainy,1876,5,0,1.80472602181292,1.0080985034056789,1
Kolkata,Lucknow,DTDC,Fog,180,7,1,0.9522936483365021,1.3114570624351949,1
Bengaluru,Pune,DTDC,Fog,83,5,0,1.7693518716686847,0.2146285552910213,1
Kolkata,Lucknow,UPS,Storm,1313,7,1,1.6129605495792818,1.3120798140686254,1
Delhi,Lucknow,FedEx,Storm,638,4,0,2.4171188224264224,1.9251152287625874,1
Bengaluru,Ahmedabad,Delhivery,Rainy,878,7,1,1.869015638651046,1.4994888769198929,1
Chennai,Jaipur,DTDC,Cloudy,1216,7,0,0.8553260896533166,1.2909674672899965,0
Delhi,Pune,FedEx,Cloudy,1794,7,0,0.5653900533818293,1.9164886530929954,1
Kolkata,Pune,Delhivery,Sunny,820,4,0,3.1133243679124574,1.5450374431867473,1
Chennai,Pune,FedEx,Fog,391,8,0,1.7787362560860371,0.3801093116226131,1
Mumbai,Hyderabad,Delhivery,Cloudy,795,3,1,2.5265930485298367,0.2328700998060363,1
Chennai,Jaipur,DTDC,Cloudy,1575,6,1,2.889741217521889,0.9516572030241532,1
Chennai,Lucknow,Delhivery,Cloudy,712,4,0,1.742698980114287,0.8449140425893421,0
Delhi,Ahmedabad,Delhivery,Fog,1515,3,0,1.100254289481258,0.3486916286159406,1
Delhi,Jaipur,FedEx,Cloudy,1727,4,1,2.7184131164056713,1.867006359973963,1
Mumbai,Hyderabad,DTDC,Storm,1303,2,1,3.4961378032010733,1.265681320986681,1
Chennai,Lucknow,UPS,Fog,1033,8,0,0.4678082013988677,0.1300305553362543,1
Chennai,Jaipur,DTDC,Rainy,1013,5,0,2.074952259261503,1.1491091362784114,1
Bengaluru,Lucknow,UPS,Sunny,1440,3,0,2.9978616618380602,1.9901660058796489,1
Bengaluru,Ahmedabad,UPS,Sunny,1785,3,0,1.5254833922309419,0.6093616991590469,1
Kolkata,Ahmedabad,FedEx,Fog,892,4,1,1.1777887804965006,0.42261995016814424,1
Chennai,Hyderabad,BlueDart,Storm,162,7,1,1.5295027080751775,1.6848296948040056,1
Delhi,Ahmedabad,FedEx,Sunny,1492,3,0,1.0735486450444733,1.8352418490337539,1
Kolkata,Ahmedabad,BlueDart,Cloudy,1371,9,1,0.9763460817716285,0.6247939905674754,1
Mumbai,Lucknow,DTDC,Cloudy,60,5,1,1.0350146747679556,1.5740030642304719,0
Chennai,Ahmedabad,FedEx,Rainy,787,7,1,0.9031472835167078,0.10818097376858943,0
Chennai,Jaipur,Delhivery,Fog,1771,2,0,1.9124183202073777,1.6388873992452542,1
Mumbai,Ahmedabad,BlueDart,Sunny,820,4,1,1.4260925877409931,0.45878919890371406,0
Delhi,Pune,DTDC,Rainy,898,5,1,2.3194329812743786,1.4117637135794527,1
Kolkata,Pune,UPS,Sunny,853,7,0,3.2470449934951806,0.5671636153096113,1
Kolkata,Ahmedabad,BlueDart,Storm,1940,2,0,0.8618561553611284,0.4522130183247227,1
Chennai,Jaipur,DTDC,Cloudy,614,3,1,3.195096141588592,1.6251691500478946,1
Bengaluru,Hyderabad,FedEx,Cloudy,281,4,0,3.314534614742247,0.8638908164984317,1
Delhi,Lucknow,Delhivery,Rainy,1701,7,0,0.3158854766618997,0.40768898347429927,0
Bengaluru,Ahmedabad,DTDC,Storm,363,3,0,3.0082904961721426,1.7119234327160537,1
Kolkata,Pune,Delhivery,Rainy,148,8,1,1.2091407548372723,1.2759411242296992,0
Chennai,Ahmedabad,FedEx,Sunny,287,8,0,2.60363738696315,0.9383232221130603,1
Kolkata,Pune,UPS,Sunny,1078,9,1,2.9076696147333934,1.5237704372281113,1
Bengaluru,Hyderabad,DTDC,Sunny,1974,3,0,1.867413843567216,1.2070242636976214,1
Chennai,Lucknow,Delhivery,Fog,1584,9,1,1.014192676482255,1.4993941136335873,1
Mumbai,Ahmedabad,Delhivery,Rainy,1603,3,0,3.370066742575148,1.4714890312438655,1
Bengaluru,Lucknow,UPS,Sunny,1969,5,0,2.306137724656912,1.0004722015123482,1
Delhi,Lucknow,Delhivery,Sunny,1214,5,1,1.137369324737501,1.5968064162138582,1
Kolkata,Ahmedabad,Delhivery,Storm,1960,5,1,1.1943571802866306,1.5633669157219248,1
Mumbai,Hyderabad,Delhivery,Storm,623,7,1,0.2806877749106491,0.5182999931893694,1
Kolkata,Lucknow,FedEx,Cloudy,1148,6,0,0.3821928571363355,0.7617241785767668,0
Kolkata,Lucknow,FedEx,Sunny,1690,5,0,0.3679064239985483,1.5244409269848098,1
Kolkata,Jaipur,Delhivery,Rainy,1739,3,1,3.1228270638325974,0.5102571018194054,1
Chennai,Jaipur,DTDC,Storm,1608,3,1,0.2897010405420306,1.9211790585533595,1
Mumbai,Jaipur,FedEx,Sunny,1289,4,1,1.9543226316949498,1.0046542600717796,1
Delhi,Jaipur,BlueDart,Storm,655,3,0,2.878782825023575,0.7641708617588643,1
Kolkata,Lucknow,DTDC,Sunny,325,4,1,3.1795458691799356,1.8516052623484809,1
Kolkata,Hyderabad,UPS,Sunny,617,3,0,0.5963650793345683,0.23547861495120626,0
Delhi,Pune,UPS,Sunny,194,2,0,2.9299401654494304,1.202456411811592,1
Delhi,Ahmedabad,BlueDart,Storm,848,9,0,1.9230128065803977,1.4542244181464694,1
Bengaluru,Jaipur,DTDC,Storm,724,3,0,0.7600565468252503,1.6134862866251136,1
Bengaluru,Hyderabad,DTDC,Sunny,1522,3,1,1.2896642754725134,1.4034947520612104,1
Kolkata,Ahmedabad,UPS,Fog,201,9,1,1.215296039050799,0.5115824919496811,1
Chennai,Ahmedabad,FedEx,Fog,267,4,1,1.156452575703322,1.1531426128802131,1
Chennai,Hyderabad,FedEx,Rainy,1240,3,1,0.6457633143178294,1.4177268922147672,1
Bengaluru,Ahmedabad,DTDC,Storm,1238,2,1,1.549815935750908,0.26475181892207833,1
Chennai,Lucknow,Delhivery,Cloudy,909,8,1,0.9823048540493886,1.6765248292373318,1
Chennai,Jaipur,BlueDart,Storm,1923,5,1,2.2450739849528127,1.863144155515066,1
Chennai,Lucknow,DTDC,Fog,1080,7,1,2.633799953082495,0.2365156374238452,1
Chennai,Jaipur,FedEx,Rainy,1053,9,0,1.745457764491292,1.928179978215934,1
Chennai,Jaipur,DTDC,Rainy,402,5,0,0.5141188765120146,0.10107944559199446,0
Bengaluru,Jaipur,Delhivery,Storm,1100,7,1,2.080943581860309,0.3931379382856044,1
Delhi,Pune,UPS,Fog,376,5,1,1.2765865951413873,1.3189665193322693,1
Mumbai,Jaipur,Delhivery,Storm,348,3,0,1.8506918427340617,1.5365769806544205,1
Kolkata,Jaipur,UPS,Cloudy,1997,8,0,1.146744964759401,0.5758228647905876,1
Bengaluru,Hyderabad,FedEx,Rainy,1514,9,0,1.9383516634956153,1.3141516995028801,1
Kolkata,Ahmedabad,UPS,Rainy,1869,4,0,1.9441877055100945,1.6823904038568733,1
Mumbai,Hyderabad,UPS,Rainy,521,9,0,3.190152475525099,1.6170518551733095,1
Kolkata,Lucknow,Delhivery,Sunny,675,7,1,2.05056533605464,1.0604553567784272,1
Chennai,Ahmedabad,DTDC,Rainy,1373,7,1,1.2912340899229633,0.34172932759447316,1
Mumbai,Jaipur,BlueDart,Rainy,1708,9,0,0.9519636956243516,1.542748090042536,1
Kolkata,Jaipur,BlueDart,Sunny,1953,4,0,2.364380441243374,0.6225589771974803,1
Delhi,Ahmedabad,BlueDart,Sunny,157,9,1,0.27168740382349577,1.7127050149585685,0
Delhi,Pune,DTDC,Storm,496,5,1,0.43693056978815137,1.6252292754032098,1
Chennai,Ahmedabad,UPS,Sunny,71,6,0,3.18288382302508,1.1440378643201106,1
Bengaluru,Pune,UPS,Cloudy,1626,7,0,2.1781084683137864,1.910981921833799,1
Bengaluru,Lucknow,DTDC,Rainy,635,9,0,1.386898769099816,0.526390196081904,0
Bengaluru,Pune,BlueDart,Cloudy,989,7,0,1.6492890935795843,1.32361786275475,1
Delhi,Hyderabad,FedEx,Storm,1564,6,1,2.54862920903398,0.29531562267502387,1
Kolkata,Jaipur,FedEx,Storm,1404,3,0,0.9378480588909548,0.9642993632920137,1
Delhi,Pune,DTDC,Sunny,394,3,1,3.254766006831191,0.48256180620015887,1
Bengaluru,Lucknow,DTDC,Sunny,642,9,1,0.23977114795255317,1.5497366638758214,0
Kolkata,Ahmedabad,UPS,Sunny,1816,3,1,2.01606756880221,0.24849666578223772,1
Delhi,Lucknow,BlueDart,Storm,1879,6,0,2.08707852251966,0.39180158026361755,1
Chennai,Ahmedabad,FedEx,Storm,196,7,1,3.001628794662018,0.9976904873725275,1
Bengaluru,Jaipur,DTDC,Cloudy,1859,9,0,1.4176622258911382,0.43213403384270965,1
Bengaluru,Hyderabad,Delhivery,Storm,954,6,1,2.6226829410110297,0.5089631215403846,1
Kolkata,Lucknow,FedEx,Cloudy,439,8,1,2.2415800193898483,1.8606739273544357,1
Mumbai,Pune,Delhivery,Sunny,1401,7,1,0.6969743479019115,0.26796435233128135,0
Bengaluru,Ahmedabad,UPS,Cloudy,654,2,0,2.687443242825054,0.6417325607888587,1
Chennai,Jaipur,Delhivery,Sunny,1699,7,1,2.9810154970613576,0.948140035073048,1
Kolkata,Lucknow,Delhivery,Storm,419,2,0,1.8145751297416326,0.3691140391485195,1
Kolkata,Hyderabad,BlueDart,Sunny,1390,3,0,1.1457594242155837,0.36559642189274943,0
Mumbai,Jaipur,FedEx,Rainy,1106,6,0,0.30574384494798473,1.2673336024168531,0
Mumbai,Hyderabad,Delhivery,Cloudy,1320,8,0,0.2454652724703661,0.5717590709820563,0
Mumbai,Jaipur,Delhivery,Cloudy,1541,8,0,1.9504558926901603,1.2276796256401652,1
Mumbai,Pune,BlueDart,Storm,1054,8,0,1.59022442135474,0.2905460571409755,1
Delhi,Ahmedabad,UPS,Fog,683,2,1,2.7206854220515817,0.6411344184347898,1
Bengaluru,Ahmedabad,FedEx,Rainy,1283,4,1,3.43731587746745,0.18045761659753912,1
Mumbai,Jaipur,UPS,Rainy,1095,3,1,3.459236577596324,0.13083786705069575,1
Mumbai,Pune,DTDC,Sunny,1693,6,0,1.7833350590920058,1.958286916997162,1
Mumbai,Jaipur,BlueDart,Sunny,454,2,1,1.0771710638077168,1.0577214224726468,0
Kolkata,Pune,BlueDart,Rainy,876,2,1,1.8579628789820966,1.945156788424423,1
Kolkata,Hyderabad,UPS,Rainy,1465,8,0,1.1223083327816257,1.7254031904939753,1
Chennai,Lucknow,Delhivery,Cloudy,1084,9,1,0.8153948726943507,0.6726612097683528,0
Delhi,Pune,DTDC,Cloudy,1147,3,1,0.7983608139273128,1.3821442295711523,1
Bengaluru,Hyderabad,Delhivery,Rainy,742,5,0,2.565280775539911,0.9863675999628517,1
Bengaluru,Hyderabad,BlueDart,Fog,158,6,0,3.1703012178741528,0.7510355624639171,1
Mumbai,Ahmedabad,BlueDart,Rainy,1014,6,0,0.9869392642619503,1.519510658106081,0
Mumbai,Pune,Delhivery,Fog,1817,9,0,2.544185333675337,1.4558145588240932,1
Bengaluru,Ahmedabad,UPS,Rainy,715,6,0,1.9132518752172607,1.1131746386802457,1
Bengaluru,Pune,DTDC,Storm,727,2,0,1.0730951168101635,0.17516439594136446,1
Kolkata,Lucknow,BlueDart,Storm,518,4,0,0.3082729983425046,0.6307741431680853,0
Mumbai,Pune,UPS,Cloudy,865,5,1,1.2821488156513232,0.27048942770837736,0
Mumbai,Ahmedabad,BlueDart,Cloudy,444,4,1,3.469672226318703,1.8641997326089252,1
Delhi,Jaipur,FedEx,Rainy,1869,4,0,2.7236970701777405,1.7041174794066447,1
Bengaluru,Jaipur,UPS,Sunny,896,2,1,2.8611158050263996,0.6860732827457252,1
Delhi,Lucknow,DTDC,Sunny,1857,9,0,0.5077939875702799,1.346836331399501,1
Bengaluru,Pune,BlueDart,Storm,1551,7,1,2.1879538352017773,1.7280347446414839,1
Mumbai,Pune,FedEx,Cloudy,1958,5,1,1.6791130889848482,0.6039055666138753,1
Delhi,Lucknow,Delhivery,Fog,878,2,1,1.092125202741209,1.7981119445609168,1
Kolkata,Jaipur,FedEx,Cloudy,1493,6,0,1.049328633081982,1.0550907171125272,1
Chennai,Pune,BlueDart,Storm,736,6,1,1.5642472064865331,1.6654334859965132,1
Kolkata,Hyderabad,FedEx,Fog,64,8,0,2.965850630940004,0.3699974591181211,1
Kolkata,Lucknow,DTDC,Rainy,381,3,1,2.1277350923048766,0.6005536972781209,1
Delhi,Lucknow,UPS,Sunny,738,6,0,0.3942001731970249,1.235926463091787,0
Bengaluru,Pune,UPS,Sunny,181,6,1,1.053238687890842,1.3595564579201496,0
